*Lisp	C*
A+_(programming_language)	K_(programming_language)
ABC_(programming_language)	Python_(programming_language)
AIMACO	COBOL
ALGOL	C_(programming_language)
ALGOL	PL/I
ALGOL	Pascal_(programming_language)
ALGOL	Scheme_(programming_language)
ALGOL	Simula
ALGOL_58	ALGOL
ALGOL_60	Ada_(programming_language)
ALGOL_60	CPL_(programming_language)
ALGOL_60	C_(programming_language)
ALGOL_60	Pascal_(programming_language)
ALGOL_60	Simula
ALGOL_68	Steelman_language_requirements
ALGOL_68	Seed7
ALGOL_68	S3_(programming_language)
ALGOL_68	Python_(programming_language)
ALGOL_68	KornShell
ALGOL_68	Mary_(programming_language)
ALGOL_68	C++
ALGOL_68	Bourne_shell
ALGOL_68	Bash_(Unix_shell)
ALGOL_68	Ada_(programming_language)
ALGOL_68	C_(programming_language)
ALGOL_W	Modula-2
ALGOL_W	Pascal_(programming_language)
AMPL	Pyomo
APL_(programming_language)	J_(programming_language)
APL_(programming_language)	S_(programming_language)
APL_(programming_language)	Q_(programming_language_from_Kx_Systems)
APL_(programming_language)	Python_(programming_language)
APL_(programming_language)	Polymorphic_Programming_Language
APL_(programming_language)	Nial
APL_(programming_language)	FP_(programming_language)
APL_(programming_language)	K_(programming_language)
APL_(programming_language)	Speakeasy_(computational_environment)
APL_(programming_language)	C++
APL_(programming_language)	A+_(programming_language)
APL_(programming_language)	MATLAB
APL_(programming_language)	Wolfram_Language
AWK	Perl
AWK	Lua_(programming_language)
AWK	Tcl
AWK	AMPL
AWK	KornShell
ActionScript	Haxe
Ada_(programming_language)	VHDL
Ada_(programming_language)	Seed7
Ada_(programming_language)	SQL/PSM
Ada_(programming_language)	Ruby_(programming_language)
Ada_(programming_language)	Python_(programming_language)
Ada_(programming_language)	ParaSail_(programming_language)
Ada_(programming_language)	PL/SQL
Ada_(programming_language)	PL/pgSQL
Ada_(programming_language)	Java_(programming_language)
Ada_(programming_language)	Eiffel_(programming_language)
Ada_(programming_language)	Drago_(programming_language)
Ada_(programming_language)	D_(programming_language)
Ada_(programming_language)	Chapel_(programming_language)
Ada_(programming_language)	C++
Ada_(programming_language)	Nim_(programming_language)
Agda_(programming_language)	Idris_(programming_language)
AgentCubes	Scratch_(programming_language)
AgentSheets	Scratch_(programming_language)
AgentSheets	Etoys_(programming_language)
Alef_(programming_language)	Limbo_(programming_language)
Alef_(programming_language)	Rust_(programming_language)
Alef_(programming_language)	Go_(programming_language)
Apache_Groovy	Kotlin_(programming_language)
Asm.js	WebAssembly
BASIC	COMAL
BASIC	GRASS_(programming_language)
BASIC	Visual_Basic_(classic)
BASIC	Visual_Basic_.NET
BASIC-PLUS	Microsoft_BASIC
BCPL	C_(programming_language)
BCPL	B_(programming_language)
BCPL	Go_(programming_language)
B_(programming_language)	C_(programming_language)
Boo_(programming_language)	Vala_(programming_language)
Boo_(programming_language)	Genie_(programming_language)
Burroughs_large_systems	Burroughs_MCP
Burroughs_large_systems	Executive_Systems_Problem_Oriented_Language
Burroughs_large_systems	NEWP
C*	Dataparallel-C
C++	Objective-C
C++	PHP
C++	Nim_(programming_language)
C++	Rust_(programming_language)
C++	Seed7
C++	Python_(programming_language)
C++	Lua_(programming_language)
C++	Perl
C++	JS++
C++	D_(programming_language)
C++	Clojure
C++	Chapel_(programming_language)
C++	Java_(programming_language)
C++	C_Sharp_(programming_language)
C++	C99
C++	Ada_(programming_language)
CLU_(programming_language)	Sather
CLU_(programming_language)	Ruby_(programming_language)
CLU_(programming_language)	Python_(programming_language)
CLU_(programming_language)	Ada_(programming_language)
CLU_(programming_language)	C++
CLU_(programming_language)	Argus_(programming_language)
CLU_(programming_language)	Swift_(programming_language)
CLU_(programming_language)	Lua_(programming_language)
COBOL	Programming_Language_for_Business
COBOL	PL/I
COBOL	CobolScript
COBOL	EGL_(programming_language)
COMIT	SNOBOL
COMTRAN	COBOL
COWSEL	POP-2
CPL_(programming_language)	BCPL
CPL_(programming_language)	POP-2
C_(programming_language)	Limbo_(programming_language)
C_(programming_language)	Nim_(programming_language)
C_(programming_language)	Objective-C
C_(programming_language)	PHP
C_(programming_language)	Perl
C_(programming_language)	Pike_(programming_language)
C_(programming_language)	Seed7
C_(programming_language)	Python_(programming_language)
C_(programming_language)	Rust_(programming_language)
C_(programming_language)	Vala_(programming_language)
C_(programming_language)	Verilog
C_(programming_language)	Processing
C_(programming_language)	LPMud
C_(programming_language)	Zig_(programming_language)
C_(programming_language)	Java_(programming_language)
C_(programming_language)	AMPL
C_(programming_language)	AWK
C_(programming_language)	C++
C_(programming_language)	C--
C_(programming_language)	C_Sharp_(programming_language)
C_(programming_language)	Julia_(programming_language)
C_(programming_language)	Category:C_programming_language_family
C_(programming_language)	D_(programming_language)
C_(programming_language)	Go_(programming_language)
C_(programming_language)	JS++
C_(programming_language)	JavaScript
C_(programming_language)	C_shell
C_Sharp_(programming_language)	Visual_J_Sharp
C_Sharp_(programming_language)	Vala_(programming_language)
C_Sharp_(programming_language)	TypeScript
C_Sharp_(programming_language)	Swift_(programming_language)
C_Sharp_(programming_language)	Rust_(programming_language)
C_Sharp_(programming_language)	Oxygene_(programming_language)
C_Sharp_(programming_language)	Nemerle
C_Sharp_(programming_language)	Kotlin_(programming_language)
C_Sharp_(programming_language)	Hack_(programming_language)
C_Sharp_(programming_language)	F_Sharp_(programming_language)
C_Sharp_(programming_language)	Dart_(programming_language)
C_Sharp_(programming_language)	Crystal_(programming_language)
C_Sharp_(programming_language)	Clojure
C_Sharp_(programming_language)	Chapel_(programming_language)
C_Sharp_(programming_language)	Java_(programming_language)
C_Sharp_(programming_language)	D_(programming_language)
Caml	OCaml
Clean_(programming_language)	Idris_(programming_language)
Clean_(programming_language)	Haskell
Clojure	LFE_(programming_language)
Clojure	Elixir_(programming_language)
Clojure	Hy
CoffeeScript	LiveScript_(programming_language)
CoffeeScript	Lua_(programming_language)
Common_Lisp	Moose_(Perl)
Common_Lisp	*Lisp
Common_Lisp	AutoLISP
Common_Lisp	Cadence_SKILL
Common_Lisp	Clojure
Common_Lisp	Cyc
Common_Lisp	Dylan_(programming_language)
Common_Lisp	Emacs_Lisp
Common_Lisp	EuLisp
Common_Lisp	ISLISP
Common_Lisp	Julia_(programming_language)
Common_Lisp	R_(programming_language)
Concurrent_Euclid	Turing_(programming_language)
Control_Language	PowerShell
Cyclone_(programming_language)	Project_Verona
Cyclone_(programming_language)	Rust_(programming_language)
Cω	C_Sharp_(programming_language)
Cω	Joins_(concurrency_library)
Cω	Language_Integrated_Query
DARSIMCO	DOPE_(Dartmouth_Oversimplified_Programming_Experiment)
DARSIMCO	Dartmouth_BASIC
DIGITAL_Command_Language	PowerShell
DOPE_(Dartmouth_Oversimplified_Programming_Experiment)	Dartmouth_BASIC
D_(programming_language)	Qore_(programming_language)
D_(programming_language)	Go_(programming_language)
D_(programming_language)	Vala_(programming_language)
D_(programming_language)	Swift_(programming_language)
D_(programming_language)	Genie_(programming_language)
D_(programming_language)	C++14
D_(programming_language)	C++20
D_(programming_language)	C++17
D_(programming_language)	C_Sharp_(programming_language)
D_(programming_language)	C++11
Dartmouth_ALGOL_30	Dartmouth_Time_Sharing_System
Dartmouth_BASIC	List_of_BASIC_dialects
Dylan_(programming_language)	Julia_(programming_language)
Dylan_(programming_language)	Lasso_(programming_language)
Dylan_(programming_language)	Python_(programming_language)
Dylan_(programming_language)	Ruby_(programming_language)
E_(programming_language)	Pony_(programming_language)
Eiffel_(programming_language)	Ada_(programming_language)
Eiffel_(programming_language)	Albatross_(programming_language)
Eiffel_(programming_language)	C_Sharp_(programming_language)
Eiffel_(programming_language)	D_(programming_language)
Eiffel_(programming_language)	Java_(programming_language)
Eiffel_(programming_language)	Racket_(programming_language)
Eiffel_(programming_language)	Ruby_(programming_language)
Eiffel_(programming_language)	Sather
Eiffel_(programming_language)	Scala_(programming_language)
Elixir_(programming_language)	LFE_(programming_language)
Elm_(programming_language)	Vue.js
Elm_(programming_language)	Redux_(JavaScript_library)
Epigram_(programming_language)	Agda_(programming_language)
Epigram_(programming_language)	Idris_(programming_language)
Erlang_(programming_language)	Rust_(programming_language)
Erlang_(programming_language)	Scala_(programming_language)
Erlang_(programming_language)	Opa_(programming_language)
Erlang_(programming_language)	Go_(programming_language)
Erlang_(programming_language)	Oz_(programming_language)
Erlang_(programming_language)	Elixir_(programming_language)
Erlang_(programming_language)	Dart_(programming_language)
Erlang_(programming_language)	Clojure
Erlang_(programming_language)	Akka_(toolkit)
Erlang_(programming_language)	F_Sharp_(programming_language)
Etoys_(programming_language)	Croquet_OS
Etoys_(programming_language)	Scratch_(programming_language)
EuLisp	Dylan_(programming_language)
EuLisp	ISLISP
Euclid_(programming_language)	Turing_(programming_language)
Euclid_(programming_language)	Concurrent_Euclid
Euclid_(programming_language)	Mesa_(programming_language)
Executive_Systems_Problem_Oriented_Language	NEWP
FACT_(computer_language)	COBOL
FLOW-MATIC	MATH-MATIC
FLOW-MATIC	COBOL
FLOW-MATIC	AIMACO
FOCAL_(programming_language)	BASIC-PLUS
FP_(programming_language)	FL_(programming_language)
FP_(programming_language)	Haskell
F_Sharp_(programming_language)	C_Sharp_(programming_language)
F_Sharp_(programming_language)	Elm_(programming_language)
F_Sharp_(programming_language)	F*_(programming_language)
F_Sharp_(programming_language)	LiveScript_(programming_language)
Forth_(programming_language)	Rebol
Forth_(programming_language)	RPL_(programming_language)
Forth_(programming_language)	Factor_(programming_language)
Forth_(programming_language)	Joy_(programming_language)
Forth_(programming_language)	PostScript
Fortran	IDL_(programming_language)
Fortran	Ratfor
Fortran	PL/I
Fortran	MUMPS
Fortran	Fortress_(programming_language)
Fortran	PACT_I
Fortran	Chapel_(programming_language)
Fortran	C_(programming_language)
Fortran	CMS-2
Fortran	DOPE_(Dartmouth_Oversimplified_Programming_Experiment)
Fortran	BASIC
Fortran	ALGOL_58
GW-BASIC	QBasic
GW-BASIC	QuickBASIC
GW-BASIC	MSX_BASIC
Go_(programming_language)	Crystal_(programming_language)
Go_(programming_language)	Zig_(programming_language)
Gosu_(programming_language)	Kotlin_(programming_language)
Haskell	Mercury_(programming_language)
Haskell	Ωmega
Haskell	Isabelle_(proof_assistant)
Haskell	Language_Integrated_Query
Haskell	LiveScript_(programming_language)
Haskell	PureScript
Haskell	Visual_Basic_.NET
Haskell	Raku_(programming_language)
Haskell	Rust_(programming_language)
Haskell	Scala_(programming_language)
Haskell	Swift_(programming_language)
Haskell	Wikipedia:Citation_needed
Haskell	Idris_(programming_language)
Haskell	Python_(programming_language)
Haskell	Hack_(programming_language)
Haskell	Java_(programming_language)
Haskell	F_Sharp_(programming_language)
Haskell	Generics_in_Java
Haskell	Agda_(programming_language)
Haskell	Bluespec
Haskell	C_Sharp_(programming_language)
Haskell	Cayenne_(programming_language)
Haskell	Clean_(programming_language)
Haskell	C++11
Haskell	CoffeeScript
Haskell	Concepts_(C++)
Haskell	Curry_(programming_language)
Haskell	Elm_(programming_language)
Haskell	Epigram_(programming_language)
Haskell	Escher_(programming_language)
Haskell	Clojure
HyperTalk	SenseTalk
HyperTalk	ActionScript
HyperTalk	AppleScript
HyperTalk	ECMAScript
HyperTalk	JavaScript
HyperTalk	Lingo_(programming_language)
HyperTalk	LiveCode
HyperTalk	SuperTalk
IBM_BASIC	GW-BASIC
ISWIM	Clean_(programming_language)
ISWIM	Haskell
ISWIM	Lucid_(programming_language)
ISWIM	ML_(programming_language)
ISWIM	Miranda_(programming_language)
ISWIM	SASL_(programming_language)
Icon_(programming_language)	Python_(programming_language)
Icon_(programming_language)	tps://github.com/proebsting/goaldi
Information_Processing_Language	Lisp_(programming_language)
Interlisp	Lisp_Machine_Lisp
Io_(programming_language)	Ioke_(programming_language)
JOSS	TELCOMP
JOSS	MUMPS
JOSS	CAL_(programming_language)
JOSS	FOCAL_(programming_language)
JOVIAL	CMS-2
JOVIAL	CORAL
JOVIAL	SYMPL
J_(programming_language)	NumPy
J_(programming_language)	SuperCollider
JavaScript	TypeScript
JavaScript	Opa_(programming_language)
JavaScript	Objective-J
JavaScript	Haxe
JavaScript	JS++
JavaScript	CoffeeScript
JavaScript	AssemblyScript
JavaScript	ActionScript
JavaScript	Dart_(programming_language)
Java_(programming_language)	Seed7
Java_(programming_language)	Scala_(programming_language)
Java_(programming_language)	Python_(programming_language)
Java_(programming_language)	PHP
Java_(programming_language)	Kotlin_(programming_language)
Java_(programming_language)	JavaScript
Java_(programming_language)	JS++
Java_(programming_language)	Haxe
Java_(programming_language)	Hack_(programming_language)
Java_(programming_language)	Fantom_(programming_language)
Java_(programming_language)	Vala_(programming_language)
Java_(programming_language)	ECMAScript
Java_(programming_language)	Clojure
Java_(programming_language)	Chapel_(programming_language)
Java_(programming_language)	C_Sharp_(programming_language)
Java_(programming_language)	BeanShell
Java_(programming_language)	Apache_Groovy
Java_(programming_language)	Ada_(programming_language)
Java_(programming_language)	Gambas
Java_(programming_language)	Visual_J_Sharp
Joule_(programming_language)	E_(programming_language)
Joy_(programming_language)	Cat_(programming_language)
Joy_(programming_language)	Factor_(programming_language)
Joy_(programming_language)	Trith_(programming_language)
K_(programming_language)	Q_(programming_language_from_Kx_Systems)
K_(programming_language)	tps://shakti.com/
Kent_Recursive_Calculator	Miranda_(programming_language)
Le_Lisp	ISLISP
Le_Lisp	OpenLisp
Limbo_(programming_language)	Stackless_Python
Limbo_(programming_language)	Go_(programming_language)
Limbo_(programming_language)	Rust_(programming_language)
Lisp_(programming_language)	R_(programming_language)
Lisp_(programming_language)	POP-11
Lisp_(programming_language)	POP-2
Lisp_(programming_language)	Perl
Lisp_(programming_language)	Python_(programming_language)
Lisp_(programming_language)	Rebol
Lisp_(programming_language)	Tcl
Lisp_(programming_language)	Scala_(programming_language)
Lisp_(programming_language)	Smalltalk
Lisp_(programming_language)	Swift_(programming_language)
Lisp_(programming_language)	OPS5
Lisp_(programming_language)	Wolfram_Language
Lisp_(programming_language)	Ruby_(programming_language)
Lisp_(programming_language)	Nu_(programming_language)
Lisp_(programming_language)	CLIPS
Lisp_(programming_language)	ML_(programming_language)
Lisp_(programming_language)	CLU_(programming_language)
Lisp_(programming_language)	COWSEL
Lisp_(programming_language)	Dylan_(programming_language)
Lisp_(programming_language)	Elixir_(programming_language)
Lisp_(programming_language)	Forth_(programming_language)
Lisp_(programming_language)	Haskell
Lisp_(programming_language)	Nim_(programming_language)
Lisp_(programming_language)	Ioke_(programming_language)
Lisp_(programming_language)	JavaScript
Lisp_(programming_language)	Julia_(programming_language)
Lisp_(programming_language)	Logo_(programming_language)
Lisp_(programming_language)	Lua_(programming_language)
Lisp_(programming_language)	Io_(programming_language)
Lisp_Machine_Lisp	Common_Lisp
Logo_(programming_language)	Smalltalk
Logo_(programming_language)	Scratch_(programming_language)
Logo_(programming_language)	Rebol
Logo_(programming_language)	NetLogo
Logo_(programming_language)	Etoys_(programming_language)
Logo_(programming_language)	Boxer_(programming_environment)
Logo_(programming_language)	AgentSheets
Logo_(programming_language)	Microsoft_Small_Basic
Lua_(programming_language)	Ring_(programming_language)
Lua_(programming_language)	Squirrel_(programming_language)
Lua_(programming_language)	Ruby_(programming_language)
Lua_(programming_language)	Red_(programming_language)
Lua_(programming_language)	GameMonkey_Script
Lua_(programming_language)	JavaScript
Lua_(programming_language)	Io_(programming_language)
Lua_(programming_language)	C--
Lua_(programming_language)	Julia_(programming_language)
Lucid_(programming_language)	Lustre_(programming_language)
Lucid_(programming_language)	Pure_Data
Lucid_(programming_language)	SISAL
MATH-MATIC	UNICODE_(programming_language)
MATLAB	Scilab
MATLAB	Julia_(programming_language)
MATLAB	GNU_Octave
MATLAB	INTLAB
ML_(programming_language)	Kotlin_(programming_language)
ML_(programming_language)	Standard_ML
ML_(programming_language)	Scala_(programming_language)
ML_(programming_language)	Rust_(programming_language)
ML_(programming_language)	Opa_(programming_language)
ML_(programming_language)	OCaml
ML_(programming_language)	Nemerle
ML_(programming_language)	Miranda_(programming_language)
ML_(programming_language)	Idris_(programming_language)
ML_(programming_language)	Elm_(programming_language)
ML_(programming_language)	F_Sharp_(programming_language)
ML_(programming_language)	C++
ML_(programming_language)	Clojure
ML_(programming_language)	Coq
ML_(programming_language)	Haskell
ML_(programming_language)	Erlang_(programming_language)
ML_(programming_language)	F*_(programming_language)
ML_(programming_language)	Cyclone_(programming_language)
MSX_BASIC	Vilnius_BASIC
MUMPS	Caché_ObjectScript
MUMPS	GT.M
MUMPS	Profile_Scripting_Language
Maclisp	Common_Lisp
Mesa_(programming_language)	PostScript
Mesa_(programming_language)	Java_(programming_language)
Mesa_(programming_language)	Mesa_(programming_language)
Mesa_(programming_language)	Modula-2
Miranda_(programming_language)	Orwell_(programming_language)
Miranda_(programming_language)	Microsoft_Power_Fx
Miranda_(programming_language)	Clean_(programming_language)
Miranda_(programming_language)	Haskell
Modula	Alma-0
Modula	Go_(programming_language)
Modula	Modula-2
Modula-2	Zonnon
Modula-2	Seed7
Modula-2	Modula-3
Modula-2	Oberon_(programming_language)
Modula-2	Fortran
Modula-2	Ada_(programming_language)
Modula-2	Lua_(programming_language)
Modula-2+	Modula-3
Modula-3	Rust_(programming_language)
Modula-3	C_Sharp_(programming_language)
Modula-3	Java_(programming_language)
Modula-3	Nim_(programming_language)
Modula-3	OCaml
Modula-3	Python_(programming_language)
Newsqueak	Rust_(programming_language)
Newsqueak	Limbo_(programming_language)
Newsqueak	Go_(programming_language)
Newsqueak	Alef_(programming_language)
NewtonScript	Io_(programming_language)
OCaml	Rust_(programming_language)
OCaml	Opa_(programming_language)
OCaml	Haxe
OCaml	F_Sharp_(programming_language)
OCaml	Scala_(programming_language)
OCaml	Elm_(programming_language)
OCaml	Coq
OCaml	ATS_(programming_language)
OCaml	F*_(programming_language)
Oaklisp	Dylan_(programming_language)
Oaklisp	EuLisp
Oaklisp	Java_(programming_language)
Oberon-2	Active_Oberon
Oberon-2	Component_Pascal
Oberon-2	Go_(programming_language)
Oberon-2	Nim_(programming_language)
Oberon-2	Oberon_(programming_language)
Oberon-2	Zonnon
Oberon_(programming_language)	Oberon_(programming_language)
Oberon_(programming_language)	Zonnon
Oberon_(programming_language)	Oberon-2
Oberon_(programming_language)	Component_Pascal
Oberon_(programming_language)	Go_(programming_language)
Oberon_(programming_language)	Active_Oberon
Oberon_(programming_language)	Nim_(programming_language)
Object_Oberon	Oberon-2
Object_Pascal	C/AL
Object_Pascal	C_Sharp_(programming_language)
Object_Pascal	Genie_(programming_language)
Object_Pascal	Java_(programming_language)
Object_Pascal	Nim_(programming_language)
Object_REXX	NetRexx
Objective-C	TOM_(object-oriented_programming_language)
Objective-C	Swift_(programming_language)
Objective-C	Objective-J
Objective-C	Apache_Groovy
Objective-C	Java_(programming_language)
Objective-C	Nu_(programming_language)
Occam_(programming_language)	Ease_(programming_language)
Occam_(programming_language)	Go_(programming_language)
Occam_(programming_language)	Python_(programming_language)
Orwell_(programming_language)	Haskell
Oz_(programming_language)	Scala_(programming_language)
Oz_(programming_language)	Alice_(programming_language)
PHP	Active_Server_Pages
PHP	Hack_(programming_language)
PHP	Jakarta_Server_Pages
PL/I	Control_Language
PL/I	IBM_PL/S
PL/I	PL-6
PL/I	PL/8
PL/I	PL/M
PL/I	Rexx
PLEX_(programming_language)	Erlang_(programming_language)
ParaSail_(programming_language)	Nim_(programming_language)
Pascal_(programming_language)	VHDL
Pascal_(programming_language)	Structured_text
Pascal_(programming_language)	Standard_ML
Pascal_(programming_language)	Seed7
Pascal_(programming_language)	Oxygene_(programming_language)
Pascal_(programming_language)	Object_Pascal
Pascal_(programming_language)	Oberon_(programming_language)
Pascal_(programming_language)	Modula-3
Pascal_(programming_language)	Oberon-2
Pascal_(programming_language)	Modula
Pascal_(programming_language)	Microsoft_Power_Fx
Pascal_(programming_language)	Java_(programming_language)
Pascal_(programming_language)	Go_(programming_language)
Pascal_(programming_language)	Component_Pascal
Pascal_(programming_language)	C/AL
Pascal_(programming_language)	Ada_(programming_language)
Pascal_(programming_language)	Modula-2
Perl	JavaScript
Perl	Raku_(programming_language)
Perl	Python_(programming_language)
Perl	PowerShell
Perl	PHP
Perl	CoffeeScript
Perl	Julia_(programming_language)
Perl	Ruby_(programming_language)
Perl	Apache_Groovy
Perl	LPMud
Perl	Wikipedia:Citation_needed
Pizza_(programming_language)	Generic_Java
Pizza_(programming_language)	Scala_(programming_language)
Plankalkül	Heinz_Rutishauser
Plankalkül	ALGOL_58
Plankalkül	Superplan
Planner_(programming_language)	Prolog
Polyphonic_C_Sharp	Cω
PostScript	PDF
Prolog	XSB
Prolog	Visual_Prolog
Prolog	Strand_(programming_language)
Prolog	Oz_(programming_language)
Prolog	Logtalk
Prolog	Mercury_(programming_language)
Prolog	KL0
Prolog	Erlang_(programming_language)
Prolog	Datalog
Prolog	Constraint_Handling_Rules
Prolog	Clojure
Prolog	KL1
Python_(programming_language)	JavaScript
Python_(programming_language)	Swift_(programming_language)
Python_(programming_language)	Ruby_(programming_language)
Python_(programming_language)	Ring_(programming_language)
Python_(programming_language)	Julia_(programming_language)
Python_(programming_language)	Go_(programming_language)
Python_(programming_language)	Nim_(programming_language)
Python_(programming_language)	F_Sharp_(programming_language)
Python_(programming_language)	D_(programming_language)
Python_(programming_language)	CoffeeScript
Python_(programming_language)	Cobra_(programming_language)
Python_(programming_language)	Boo_(programming_language)
Python_(programming_language)	Apache_Groovy
Python_(programming_language)	Genie_(programming_language)
QBasic	FreeBASIC
QBasic	QB64
QBasic	SmallBASIC
QML	Qt_(software)
QML	Ring_(programming_language)
R_(programming_language)	Julia_(programming_language)
Racket_(programming_language)	Scheme_(programming_language)
Racket_(programming_language)	Clojure
Racket_(programming_language)	Rust_(programming_language)
Raku_(programming_language)	Haskell
Raku_(programming_language)	Perl
Rebol	JSON
Rebol	Red_(programming_language)
Rexx	NetRexx
Rexx	Object_REXX
Ruby_(programming_language)	Mirah_(programming_language)
Ruby_(programming_language)	Swift_(programming_language)
Ruby_(programming_language)	Rust_(programming_language)
Ruby_(programming_language)	Ring_(programming_language)
Ruby_(programming_language)	Nu_(programming_language)
Ruby_(programming_language)	Julia_(programming_language)
Ruby_(programming_language)	Apache_Groovy
Ruby_(programming_language)	Elixir_(programming_language)
Ruby_(programming_language)	Clojure
Ruby_(programming_language)	CoffeeScript
Ruby_(programming_language)	Ioke_(programming_language)
Ruby_(programming_language)	D_(programming_language)
Ruby_(programming_language)	Crystal_(programming_language)
Rust_(programming_language)	Idris_(programming_language)
Rust_(programming_language)	Project_Verona
Rust_(programming_language)	Swift_(programming_language)
Rust_(programming_language)	Zig_(programming_language)
Rust_(programming_language)	SPARK_(programming_language)
SASL_(programming_language)	Haskell
SASL_(programming_language)	Kent_Recursive_Calculator
SASL_(programming_language)	Miranda_(programming_language)
SETL	SETLX
SETL	ABC_(programming_language)
SETL	SETL
SISAL	Wikipedia:Citation_needed
SISAL	SAC_programming_language
SISAL	Haskell
SNOBOL	AWK
SNOBOL	Bs_(programming_language)
SNOBOL	Icon_(programming_language)
SNOBOL	Lua_(programming_language)
SP/k	Turing_(programming_language)
SQL	Jakarta_Persistence_Query_Language
SQL	Contextual_Query_Language
SQL	Couchbase_Server
SQL	JOOQ_Object_Oriented_Querying
SQL	Language_Integrated_Query
SQL	PowerShell
SQL	SPARQL
SUPER_BASIC	BASIC-PLUS
Sather	Cool_(programming_language)
Scala_(programming_language)	Lasso_(programming_language)
Scala_(programming_language)	Flix_(programming_language)
Scala_(programming_language)	Red_(programming_language)
Scala_(programming_language)	Fantom_(programming_language)
Scala_(programming_language)	Kotlin_(programming_language)
Scala_(programming_language)	Chisel_(programming_language)
Scala_(programming_language)	F_Sharp_(programming_language)
Scala_(programming_language)	Ceylon_(programming_language)
Scala_(programming_language)	C_Sharp_(programming_language)
Scratch_(programming_language)	Catrobat
Scratch_(programming_language)	Makeblock
Scratch_(programming_language)	ScratchJr
Scratch_(programming_language)	Snap!_(programming_language)
Scratch_(programming_language)	Turtlestitch
Sed	AWK
Sed	Perl
Self_(programming_language)	Squeak
Self_(programming_language)	Rebol
Self_(programming_language)	NewtonScript
Self_(programming_language)	Lua_(programming_language)
Self_(programming_language)	Io_(programming_language)
Self_(programming_language)	Factor_(programming_language)
Self_(programming_language)	Agora_(programming_language)
Self_(programming_language)	JavaScript
Simula	List_of_object-oriented_programming_languages
Smalltalk	NewtonScript
Smalltalk	Object_REXX
Smalltalk	Objective-C
Smalltalk	PHP
Smalltalk	Python_(programming_language)
Smalltalk	Scala_(programming_language)
Smalltalk	Ruby_(programming_language)
Smalltalk	Scratch_(programming_language)
Smalltalk	Self_(programming_language)
Smalltalk	Swift_(programming_language)
Smalltalk	Raku_(programming_language)
Smalltalk	Newspeak_(programming_language)
Smalltalk	Dylan_(programming_language)
Smalltalk	Lasso_(programming_language)
Smalltalk	Apache_Groovy
Smalltalk	AppleScript
Smalltalk	Common_Lisp_Object_System
Smalltalk	Logtalk
Smalltalk	Erlang_(programming_language)
Smalltalk	Dart_(programming_language)
Smalltalk	Go_(programming_language)
Smalltalk	Io_(programming_language)
Smalltalk	Ioke_(programming_language)
Smalltalk	Java_(programming_language)
Smalltalk	Etoys_(programming_language)
Snap!_(programming_language)	Turtlestitch
Speedcoding	PACT_I
Speedcoding	Ratfor
Speedcoding	PL/I
Speedcoding	MUMPS
Speedcoding	ALGOL_58
Speedcoding	C_(programming_language)
Speedcoding	BASIC
Speedcoding	Fortran
Squeak	Croquet_OS
Squeak	Etoys_(programming_language)
Squeak	Scratch_(programming_language)
Standard_ML	Scala_(programming_language)
Standard_ML	Rust_(programming_language)
Standard_ML	Python_(programming_language)
Standard_ML	OCaml
Standard_ML	Haskell
Standard_ML	F_Sharp_(programming_language)
Standard_ML	F*_(programming_language)
Standard_ML	Elm_(programming_language)
StarLogo	Etoys_(programming_language)
StarLogo	NetLogo
Strongtalk	HotSpot_(virtual_machine)
Strongtalk	Java_(programming_language)
Superplan	ALGOL_58
Swift_(programming_language)	Rust_(programming_language)
TELCOMP	MUMPS
TMG_(language)	Donald_Knuth
T_(programming_language)	EuLisp
T_(programming_language)	Joule_(programming_language)
Tcl	PHP
Tcl	PowerShell
Tcl	Tea_(programming_language)
TypeScript	AssemblyScript
TypeScript	AtScript
Verilog	SystemVerilog
Visual_Basic_(classic)	Xojo
Visual_Basic_(classic)	Windows_Forms
Visual_Basic_(classic)	Visual_Basic_.NET
Visual_Basic_(classic)	Basic4ppc
Visual_Basic_(classic)	Gambas
Visual_Basic_(classic)	Basic4android
Visual_Basic_(classic)	NS_Basic
Visual_Basic_.NET	Microsoft_Small_Basic
Wolfram_Language	Project_Jupyter
Wolfram_Language	Clojure
Wolfram_Language	Julia_(programming_language)
ZPL_(programming_language)	Chapel_(programming_language)
*Lisp	Common_Lisp
*Lisp	Lisp_(programming_language)
A+_(programming_language)	APL_(programming_language)
ABC_(programming_language)	ALGOL_68
ABC_(programming_language)	SETL
AIMACO	COMTRAN
AIMACO	FLOW-MATIC
ALGOL_58	Fortran
ALGOL_58	Plankalkül
ALGOL_58	Superplan
ALGOL_60	ALGOL_58
ALGOL_68	ALGOL_60
ALGOL_68	ALGOL_Y
ALGOL_W	ALGOL_60
AMPL	AWK
AMPL	C_(programming_language)
APL_(programming_language)	Mathematical_notation
ATS_(programming_language)	C++
ATS_(programming_language)	Dependent_ML
ATS_(programming_language)	ML_(programming_language)
ATS_(programming_language)	OCaml
AWK	C_(programming_language)
AWK	SNOBOL
AWK	Sed
ActionScript	JavaScript
ActionScript	Java_(programming_language)
Active_Oberon	Oberon-2
Active_Oberon	Oberon_(programming_language)
Active_Oberon	Object_Oberon
Ada_(programming_language)	Smalltalk
Ada_(programming_language)	Simula
Ada_(programming_language)	Pascal_(programming_language)
Ada_(programming_language)	Modula-2
Ada_(programming_language)	ALGOL_68
Ada_(programming_language)	Eiffel_(programming_language)
Ada_(programming_language)	C++
Ada_(programming_language)	Java_(programming_language)
Agda_(programming_language)	Coq
Agda_(programming_language)	Epigram_(programming_language)
Agda_(programming_language)	Haskell
AgentCubes	AgentSheets
AgentCubes	Lisp_(programming_language)
AgentCubes	Logo_(programming_language)
AgentCubes	Smalltalk
AgentSheets	Logo_(programming_language)
AgentSheets	Smalltalk
AgentSheets	Lisp_(programming_language)
Alef_(programming_language)	C_(programming_language)
Alef_(programming_language)	Newsqueak
Alice_(programming_language)	ML_(programming_language)
Alice_(programming_language)	Oz_(programming_language)
Alma-0	Modula-2
Apache_Groovy	Java_(programming_language)
Apache_Groovy	Python_(programming_language)
Apache_Groovy	Ruby_(programming_language)
Apache_Groovy	Smalltalk
AppleScript	HyperTalk
AppleScript	Natural_language_programming
Asm.js	JavaScript
AssemblyScript	WebAssembly
AssemblyScript	JavaScript
AssemblyScript	TypeScript
AutoLISP	Lisp_(programming_language)
BASIC	ALGOL_60
BASIC	Fortran
BASIC	JOSS
BASIC-PLUS	Dartmouth_BASIC
BASIC-PLUS	SUPER_BASIC
BCPL	CPL_(programming_language)
BETA_(programming_language)	Simula
B_(programming_language)	BCPL
B_(programming_language)	PL/I
B_(programming_language)	TMG_(language)
Basic4ppc	Visual_Basic
BeanShell	Perl
BeanShell	Java_(programming_language)
BeanShell	JavaScript
Boo_(programming_language)	C_Sharp_(programming_language)
Boo_(programming_language)	Python_(programming_language)
Bs_(programming_language)	BASIC
Bs_(programming_language)	C_(programming_language)
Bs_(programming_language)	SNOBOL
Burroughs_large_systems	ALGOL_60
C*	*Lisp
C*	ANSI_C
C++	Smalltalk
C++	Simula
C++	Modula-2
C++	Mesa_(programming_language)
C++	C_(programming_language)
C++	CLU_(programming_language)
C++	BCPL
C++	Ada_(programming_language)
C++	ALGOL_68
C++	ML_(programming_language)
C--	C_(programming_language)
C/AL	Pascal_(programming_language)
CLU_(programming_language)	ALGOL_60
CLU_(programming_language)	Alphard_(programming_language)
CLU_(programming_language)	Lisp_(programming_language)
CLU_(programming_language)	Simula
CMS-2	JOVIAL
CMS-2	PL/I
CMS-2	Fortran
CMS-2	CS-1_(programming_language)
COBOL	AIMACO
COBOL	C++
COBOL	COMTRAN
COBOL	Eiffel_(programming_language)
COBOL	FACT_(computer_language)
COBOL	FLOW-MATIC
COBOL	Smalltalk
COMAL	BASIC
COMAL	Pascal_(programming_language)
COMTRAN	FLOW-MATIC
CORAL	Fortran
CORAL	JOVIAL
CORAL	ALGOL
COWSEL	Lisp_(programming_language)
COWSEL	CPL_(programming_language)
CPL_(programming_language)	ALGOL_60
C_(programming_language)	ALGOL_68
C_(programming_language)	Assembly_language
C_(programming_language)	BCPL
C_(programming_language)	B_(programming_language)
C_(programming_language)	CPL_(programming_language)
C_(programming_language)	Fortran
C_(programming_language)	PL/I
C_Sharp_(programming_language)	Visual_J_Sharp
C_Sharp_(programming_language)	Visual_J++
C_Sharp_(programming_language)	Visual_Basic
C_Sharp_(programming_language)	Scala_(programming_language)
C_Sharp_(programming_language)	Object_Pascal
C_Sharp_(programming_language)	Modula-3
C_Sharp_(programming_language)	ML_(programming_language)
C_Sharp_(programming_language)	F_Sharp_(programming_language)
C_Sharp_(programming_language)	Icon_(programming_language)
C_Sharp_(programming_language)	Haskell
C_Sharp_(programming_language)	Eiffel_(programming_language)
C_Sharp_(programming_language)	Cω
C_Sharp_(programming_language)	C++
C_Sharp_(programming_language)	Java_(programming_language)
Caché_ObjectScript	MUMPS
Cadence_SKILL	Common_Lisp_Object_System
Cadence_SKILL	Scheme_(programming_language)
Cadence_SKILL	Common_Lisp
Caml	ML_(programming_language)
Catrobat	Scratch_(programming_language)
Ceylon_(programming_language)	Java_(programming_language)
Ceylon_(programming_language)	Lisp_(programming_language)
Ceylon_(programming_language)	ML_(programming_language)
Ceylon_(programming_language)	Scala_(programming_language)
Ceylon_(programming_language)	Smalltalk
Ceylon_(programming_language)	Whiley_(programming_language)
Chapel_(programming_language)	Cray_MTA
Chapel_(programming_language)	ZPL_(programming_language)
Chapel_(programming_language)	Java_(programming_language)
Chapel_(programming_language)	High_Performance_Fortran
Chapel_(programming_language)	Fortran
Chapel_(programming_language)	C_(programming_language)
Chapel_(programming_language)	C_Sharp_(programming_language)
Chapel_(programming_language)	C++
Chapel_(programming_language)	Ada_(programming_language)
Chapel_(programming_language)	Cray_XMT
Clean_(programming_language)	tps://foldoc.org/Lean
Clean_(programming_language)	Haskell
Clean_(programming_language)	Miranda_(programming_language)
Clojure	Racket_(programming_language)
Clojure	Prolog
Clojure	Scheme_(programming_language)
Clojure	Ruby_(programming_language)
Clojure	ML_(programming_language)
Clojure	Wolfram_Language
Clojure	Haskell
Clojure	C++
Clojure	C_Sharp_(programming_language)
Clojure	Java_(programming_language)
Clojure	Erlang_(programming_language)
Clojure	Common_Lisp
Cobra_(programming_language)	C_Sharp_(programming_language)
Cobra_(programming_language)	Eiffel_(programming_language)
Cobra_(programming_language)	Objective-C
Cobra_(programming_language)	Python_(programming_language)
CoffeeScript	YAML
CoffeeScript	Ruby_(programming_language)
CoffeeScript	Python_(programming_language)
CoffeeScript	Wikipedia:Citation_needed
CoffeeScript	JavaScript
CoffeeScript	Perl
CoffeeScript	Haskell
Common_Lisp	Scheme_(programming_language)
Common_Lisp	Maclisp
Common_Lisp	Interlisp
Common_Lisp	Lisp_(programming_language)
Common_Lisp	Lisp_Machine_Lisp
Component_Pascal	Oberon_(programming_language)
Component_Pascal	Pascal_(programming_language)
Component_Pascal	Oberon-2
Concurrent_Euclid	Communicating_Sequential_Processes
Concurrent_Euclid	Euclid_(programming_language)
Constraint_Handling_Rules	Prolog
Control_Language	PL/I
Control_Language	Job_Control_Language
Cool_(programming_language)	Sather
Cool_(programming_language)	Pascal_(programming_language)
Cool_(programming_language)	Java_(programming_language)
Cool_(programming_language)	ML_(programming_language)
Crystal_(programming_language)	C_(programming_language)
Crystal_(programming_language)	C_Sharp_(programming_language)
Crystal_(programming_language)	Go_(programming_language)
Crystal_(programming_language)	Python_(programming_language)
Crystal_(programming_language)	Ruby_(programming_language)
Crystal_(programming_language)	Rust_(programming_language)
Curry_(programming_language)	Prolog
Curry_(programming_language)	Haskell
Cyclone_(programming_language)	C_(programming_language)
Cω	C_Sharp_(programming_language)
Cω	Polyphonic_C_Sharp
DOPE_(Dartmouth_Oversimplified_Programming_Experiment)	DARSIMCO
DOPE_(Dartmouth_Oversimplified_Programming_Experiment)	Dartmouth_ALGOL_30
DOPE_(Dartmouth_Oversimplified_Programming_Experiment)	Fortran
D_(programming_language)	Java_(programming_language)
D_(programming_language)	Python_(programming_language)
D_(programming_language)	Eiffel_(programming_language)
D_(programming_language)	C++
D_(programming_language)	C_(programming_language)
D_(programming_language)	C_Sharp_(programming_language)
Dart_(programming_language)	TypeScript
Dart_(programming_language)	C++
Dart_(programming_language)	C_(programming_language)
Dart_(programming_language)	C_Sharp_(programming_language)
Dart_(programming_language)	Erlang_(programming_language)
Dart_(programming_language)	JavaScript
Dart_(programming_language)	Java_(programming_language)
Dart_(programming_language)	Ruby_(programming_language)
Dart_(programming_language)	Smalltalk
Dart_(programming_language)	Strongtalk
Dartmouth_ALGOL_30	ALGOL_60
Dartmouth_ALGOL_30	ALGOL_58
Dartmouth_BASIC	ALGOL
Dartmouth_BASIC	Fortran
Datalog	Prolog
Dylan_(programming_language)	ALGOL
Dylan_(programming_language)	Common_Lisp_Object_System
Dylan_(programming_language)	EuLisp
Dylan_(programming_language)	Scheme_(programming_language)
ECMAScript	Self_(programming_language)
ECMAScript	Scheme_(programming_language)
ECMAScript	Perl
ECMAScript	Java_(programming_language)
ECMAScript	Python_(programming_language)
ECMAScript	CoffeeScript
ECMAScript	C_(programming_language)
ECMAScript	AWK
ECMAScript	HyperTalk
E_(programming_language)	Java_(programming_language)
E_(programming_language)	Joule_(programming_language)
E_(programming_language)	tp://erights.org/history/original-e/index.html
Ease_(programming_language)	Occam_(programming_language)
Eiffel_(programming_language)	Ada_(programming_language)
Eiffel_(programming_language)	Simula
Eiffel_(programming_language)	Z_notation
Elixir_(programming_language)	Ruby_(programming_language)
Elixir_(programming_language)	Clojure
Elixir_(programming_language)	Erlang_(programming_language)
Elm_(programming_language)	Standard_ML
Elm_(programming_language)	OCaml
Elm_(programming_language)	F_Sharp_(programming_language)
Elm_(programming_language)	Haskell
Emacs_Lisp	Common_Lisp
Emacs_Lisp	Maclisp
Epigram_(programming_language)	ALF_(proof_assistant)
Erlang_(programming_language)	Lisp_(programming_language)
Erlang_(programming_language)	PLEX_(programming_language)
Erlang_(programming_language)	Prolog
Erlang_(programming_language)	Smalltalk
Escher_(programming_language)	Simple_theory_of_types
Etoys_(programming_language)	StarLogo
Etoys_(programming_language)	Logo_(programming_language)
Etoys_(programming_language)	Smalltalk
Etoys_(programming_language)	AgentSheets
Etoys_(programming_language)	HyperCard
EuLisp	Common_Lisp
EuLisp	Common_Lisp_Object_System
EuLisp	Haskell
EuLisp	Interlisp
EuLisp	Le_Lisp
EuLisp	Oaklisp
EuLisp	ObjVlisp
EuLisp	Scheme_(programming_language)
EuLisp	Standard_ML
EuLisp	T_(programming_language)
Euclid_(programming_language)	Pascal_(programming_language)
Euler_(programming_language)	ALGOL_60
Executive_Systems_Problem_Oriented_Language	ALGOL_60
F*_(programming_language)	Standard_ML
F*_(programming_language)	Lean_(proof_assistant)
F*_(programming_language)	OCaml
F*_(programming_language)	Dafny
F*_(programming_language)	Coq
F*_(programming_language)	F_Sharp_(programming_language)
FLOW-MATIC	ARITH-MATIC
FLOW-MATIC	Laning_and_Zierler_system
FL_(programming_language)	FP_(programming_language)
FOCAL_(programming_language)	JOSS
FP_(programming_language)	APL_(programming_language)
F_Sharp_(programming_language)	C_Sharp_(programming_language)
F_Sharp_(programming_language)	Erlang_(programming_language)
F_Sharp_(programming_language)	Haskell
F_Sharp_(programming_language)	ML_(programming_language)
F_Sharp_(programming_language)	OCaml
F_Sharp_(programming_language)	Python_(programming_language)
F_Sharp_(programming_language)	Scala_(programming_language)
Factor_(programming_language)	Self_(programming_language)
Factor_(programming_language)	Lisp_(programming_language)
Factor_(programming_language)	Joy_(programming_language)
Factor_(programming_language)	Forth_(programming_language)
Fantom_(programming_language)	C_Sharp_(programming_language)
Fantom_(programming_language)	Erlang_(programming_language)
Fantom_(programming_language)	Java_(programming_language)
Fantom_(programming_language)	Ruby_(programming_language)
Fantom_(programming_language)	Scala_(programming_language)
Flix_(programming_language)	F_Sharp_(programming_language)
Flix_(programming_language)	Go_(programming_language)
Flix_(programming_language)	Haskell
Flix_(programming_language)	OCaml
Flix_(programming_language)	Scala_(programming_language)
Fortran	Speedcoding
Fortress_(programming_language)	Scala_(programming_language)
Fortress_(programming_language)	Fortran
Fortress_(programming_language)	Haskell
FreeBASIC	C_(programming_language)
FreeBASIC	QuickBASIC
GW-BASIC	IBM_BASIC
Gambas	Java_(programming_language)
Gambas	Visual_Basic
Genie_(programming_language)	Object_Pascal
Genie_(programming_language)	Boo_(programming_language)
Genie_(programming_language)	D_(programming_language)
Genie_(programming_language)	Python_(programming_language)
Go_(programming_language)	Oberon-2
Go_(programming_language)	Oberon_(programming_language)
Go_(programming_language)	C_(programming_language)
Go_(programming_language)	Pascal_(programming_language)
Go_(programming_language)	Smalltalk
Go_(programming_language)	Newsqueak
Go_(programming_language)	Occam_(programming_language)
Go_(programming_language)	Modula-2
Go_(programming_language)	BCPL
Go_(programming_language)	Limbo_(programming_language)
Go_(programming_language)	Communicating_sequential_processes
Go_(programming_language)	Alef_(programming_language)
Go_(programming_language)	Active_Oberon
Go_(programming_language)	APL_(programming_language)
Go_(programming_language)	Modula
Gosu_(programming_language)	C_Sharp_(programming_language)
Gosu_(programming_language)	Java_(programming_language)
Hack_(programming_language)	PHP
Hack_(programming_language)	Scala_(programming_language)
Hack_(programming_language)	OCaml
Hack_(programming_language)	C_Sharp_(programming_language)
Hack_(programming_language)	Haskell
Hack_(programming_language)	Java_(programming_language)
Haskell	Standard_ML
Haskell	Scheme_(programming_language)
Haskell	SISAL
Haskell	SASL_(programming_language)
Haskell	Orwell_(programming_language)
Haskell	Miranda_(programming_language)
Haskell	Lisp_(programming_language)
Haskell	ML_(programming_language)
Haskell	Id_(programming_language)
Haskell	ISWIM
Haskell	Hope_(programming_language)
Haskell	Gofer_(programming_language)
Haskell	FP_(programming_language)
Haskell	Clean_(programming_language)
Haskell	Kent_Recursive_Calculator
Haxe	Lua_(programming_language)
Haxe	PHP
Haxe	OCaml
Haxe	NekoVM
Haxe	Java_(programming_language)
Haxe	Python_(programming_language)
Haxe	ECMAScript
Haxe	C_Sharp_(programming_language)
Haxe	C++
Haxe	ActionScript
Haxe	JavaScript
Hy	Clojure
Hy	Common_Lisp
Hy	Kawa_(Scheme_implementation)
HyperTalk	Natural_language_programming
HyperTalk	Pascal_(programming_language)
IMP_(programming_language)	ALGOL_60
ISLISP	Common_Lisp
ISLISP	EuLisp
ISLISP	Le_Lisp
ISLISP	Scheme_(programming_language)
ISWIM	Lisp_(programming_language)
ISWIM	ALGOL_60
Icon_(programming_language)	ALGOL
Icon_(programming_language)	SNOBOL
Idris_(programming_language)	Agda_(programming_language)
Idris_(programming_language)	Clean_(programming_language)
Idris_(programming_language)	Coq
Idris_(programming_language)	Epigram_(programming_language)
Idris_(programming_language)	F_Sharp_(programming_language)
Idris_(programming_language)	Haskell
Idris_(programming_language)	ML_(programming_language)
Idris_(programming_language)	Rust_(programming_language)
Interlisp	BBN_LISP
Interlisp	Lisp_(programming_language)
Io_(programming_language)	Smalltalk
Io_(programming_language)	Python_(programming_language)
Io_(programming_language)	NewtonScript
Io_(programming_language)	Self_(programming_language)
Io_(programming_language)	Lisp_(programming_language)
Io_(programming_language)	Actor_model_middle_history#Actor_programming_languages
Io_(programming_language)	Lua_(programming_language)
JOVIAL	ALGOL
JOVIAL	Semi-Automatic_Ground_Environment
JS++	C++
JS++	C_(programming_language)
JS++	C_Sharp_(programming_language)
JS++	JavaScript
JS++	Java_(programming_language)
J_(programming_language)	APL_(programming_language)
Jakarta_Persistence_Query_Language	SQL
Jakarta_Persistence_Query_Language	Hibernate_(framework)
JavaScript	AWK
JavaScript	HyperTalk
JavaScript	Java_(programming_language)
JavaScript	Scheme_(programming_language)
JavaScript	Self_(programming_language)
Java_(programming_language)	Smalltalk
Java_(programming_language)	UCSD_Pascal
Java_(programming_language)	Objective-C
Java_(programming_language)	Object_Pascal
Java_(programming_language)	Oberon_(programming_language)
Java_(programming_language)	Modula-3
Java_(programming_language)	Simula
Java_(programming_language)	Lisp_(programming_language)
Java_(programming_language)	Eiffel_(programming_language)
Java_(programming_language)	C_Sharp_(programming_language)
Java_(programming_language)	CLU_(programming_language)
Java_(programming_language)	C++
Java_(programming_language)	Ada_(programming_language)
Java_(programming_language)	Mesa_(programming_language)
Joule_(programming_language)	Logic_Programming#Concurrent_logic_programming
Joule_(programming_language)	Actor_model
Joy_(programming_language)	FP_(programming_language)
Joy_(programming_language)	Forth_(programming_language)
Joy_(programming_language)	Scheme_(programming_language)
Julia_(programming_language)	Wolfram_Mathematica
Julia_(programming_language)	Wolfram_Language
Julia_(programming_language)	Scheme_(programming_language)
Julia_(programming_language)	Ruby_(programming_language)
Julia_(programming_language)	R_(programming_language)
Julia_(programming_language)	Python_(programming_language)
Julia_(programming_language)	MATLAB
Julia_(programming_language)	Lua_(programming_language)
Julia_(programming_language)	Lisp_(programming_language)
Julia_(programming_language)	Dylan_(programming_language)
Julia_(programming_language)	C_(programming_language)
Julia_(programming_language)	Perl
K_(programming_language)	A+_(programming_language)
K_(programming_language)	APL_(programming_language)
K_(programming_language)	Scheme_(programming_language)
Kawa_(Scheme_implementation)	Lisp_(programming_language)
Kawa_(Scheme_implementation)	Scheme_(programming_language)
Kent_Recursive_Calculator	SASL_(programming_language)
Kotlin_(programming_language)	ML_(programming_language)
Kotlin_(programming_language)	Scala_(programming_language)
Kotlin_(programming_language)	Python_(programming_language)
Kotlin_(programming_language)	Java_(programming_language)
Kotlin_(programming_language)	Apache_Groovy
Kotlin_(programming_language)	Gosu_(programming_language)
Kotlin_(programming_language)	C_Sharp_(programming_language)
Kotlin_(programming_language)	JavaScript
Kotlin_(programming_language)	Eiffel_(programming_language)
LFE_(programming_language)	Clojure
LFE_(programming_language)	Common_Lisp
LFE_(programming_language)	Elixir_(programming_language)
LFE_(programming_language)	Erlang_(programming_language)
LFE_(programming_language)	Hy
LFE_(programming_language)	Maclisp
LFE_(programming_language)	Scheme_(programming_language)
Language_Integrated_Query	Haskell
Language_Integrated_Query	SQL
Lasso_(programming_language)	Dylan_(programming_language)
Lasso_(programming_language)	Scala_(programming_language)
Lasso_(programming_language)	Smalltalk
Le_Lisp	Lisp_(programming_language)
Lean_(proof_assistant)	Coq
Lean_(proof_assistant)	Haskell
Lean_(proof_assistant)	ML_(programming_language)
Limbo_(programming_language)	Alef_(programming_language)
Limbo_(programming_language)	C_(programming_language)
Limbo_(programming_language)	Communicating_sequential_processes
Limbo_(programming_language)	Newsqueak
Limbo_(programming_language)	Pascal_(programming_language)
Lisp_(programming_language)	Information_Processing_Language
Lisp_Machine_Lisp	Interlisp
Lisp_Machine_Lisp	Lisp_(programming_language)
Lisp_Machine_Lisp	Maclisp
LiveScript_(programming_language)	JavaScript
LiveScript_(programming_language)	F_Sharp_(programming_language)
LiveScript_(programming_language)	CoffeeScript
LiveScript_(programming_language)	Haskell
Logo_(programming_language)	Lisp_(programming_language)
Logtalk	Objective-C
Logtalk	Prolog
Logtalk	Smalltalk
Lua_(programming_language)	C++
Lua_(programming_language)	CLU_(programming_language)
Lua_(programming_language)	Modula-2
Lua_(programming_language)	SNOBOL
Lua_(programming_language)	Scheme_(programming_language)
Lucid_(programming_language)	ISWIM
MATH-MATIC	FLOW-MATIC
MATLAB	Speakeasy_(computational_environment)
MATLAB	PL/0
MATLAB	APL_(programming_language)
MATLAB	EISPACK
MATLAB	LINPACK
ML_(programming_language)	ISWIM
MSX_BASIC	GW-BASIC
MUMPS	JOSS
Mary_(programming_language)	ALGOL_68
Mercury_(programming_language)	Hope_(programming_language)
Mercury_(programming_language)	Prolog
Mercury_(programming_language)	Haskell
Mesa_(programming_language)	ALGOL
Microsoft_Power_Fx	Wolfram_Mathematica
Microsoft_Power_Fx	Pascal_(programming_language)
Microsoft_Power_Fx	Miranda_(programming_language)
Microsoft_Power_Fx	Microsoft_Excel
Microsoft_Small_Basic	Logo_(programming_language)
Microsoft_Small_Basic	QBasic
Microsoft_Small_Basic	Visual_Basic_.NET
Mirah_(programming_language)	Boo_(programming_language)
Mirah_(programming_language)	Java_(programming_language)
Mirah_(programming_language)	Ruby_(programming_language)
Miranda_(programming_language)	Hope_(programming_language)
Miranda_(programming_language)	Kent_Recursive_Calculator
Miranda_(programming_language)	ML_(programming_language)
Miranda_(programming_language)	SASL_(programming_language)
Modula	Pascal_(programming_language)
Modula-2	Pascal_(programming_language)
Modula-2	Modula
Modula-2	Euclid_(programming_language)
Modula-2	ALGOL_W
Modula-2	Mesa_(programming_language)
Modula-2+	ALGOL
Modula-2+	Modula-2
Modula-2+	Pascal_(programming_language)
Modula-3	Oberon_(programming_language)
Modula-3	ALGOL
Modula-3	Euclid_(programming_language)
Modula-3	Mesa_(programming_language)
Modula-3	Modula-2
Modula-3	Modula-2+
Modula-3	Pascal_(programming_language)
NEWP	Executive_Systems_Problem_Oriented_Language
NEWP	ALGOL
Nemerle	C_Sharp_(programming_language)
Nemerle	Lisp_(programming_language)
Nemerle	ML_(programming_language)
NetLogo	Logo_(programming_language)
NetLogo	StarLogo
NetRexx	Java_(programming_language)
NetRexx	Object_REXX
NetRexx	PL/I
NetRexx	Rexx
Newspeak_(programming_language)	Smalltalk
Newspeak_(programming_language)	Self_(programming_language)
Newspeak_(programming_language)	E_(programming_language)
Newspeak_(programming_language)	BETA_(programming_language)
Newspeak_(programming_language)	Nineteen_Eighty-Four
Newsqueak	C_(programming_language)
Newsqueak	Communicating_sequential_processes
NewtonScript	Dylan_(programming_language)
NewtonScript	Self_(programming_language)
Nial	APL_(programming_language)
Nial	Lisp_(programming_language)
Nim_(programming_language)	Object_Pascal
Nim_(programming_language)	Python_(programming_language)
Nim_(programming_language)	Oberon_(programming_language)
Nim_(programming_language)	Rust_(programming_language)
Nim_(programming_language)	Lisp_(programming_language)
Nim_(programming_language)	C++
Nim_(programming_language)	Ada_(programming_language)
Nim_(programming_language)	Modula-3
Nu_(programming_language)	Ruby_(programming_language)
Nu_(programming_language)	Lisp_(programming_language)
Nu_(programming_language)	Objective-C
OCaml	C_(programming_language)
OCaml	Caml
OCaml	Modula-3
OCaml	Pascal_(programming_language)
OCaml	Standard_ML
Oaklisp	Scheme_(programming_language)
Oaklisp	Smalltalk
Oaklisp	T_(programming_language)
Oberon-2	Modula-2
Oberon-2	Oberon_(programming_language)
Oberon-2	Object_Oberon
Oberon_(programming_language)	Modula-2
Object_Oberon	Oberon_(programming_language)
Object_Oberon	Modula-2
Object_Pascal	Pascal_(programming_language)
Object_Pascal	Simula
Object_Pascal	Smalltalk
Object_REXX	Rexx
Object_REXX	Smalltalk
Objective-C	C_(programming_language)
Objective-C	Smalltalk
Occam_(programming_language)	Communicating_sequential_processes
Opa_(programming_language)	Erlang_(programming_language)
Opa_(programming_language)	JavaScript
Opa_(programming_language)	OCaml
OpenLisp	ISLISP
OpenLisp	Lisp_(programming_language)
Orwell_(programming_language)	Miranda_(programming_language)
Oxygene_(programming_language)	Object_Pascal
Oxygene_(programming_language)	Delphi_(Programming_Language)
Oxygene_(programming_language)	C_Sharp_(programming_language)
Oz_(programming_language)	Erlang_(programming_language)
Oz_(programming_language)	Lisp_(programming_language)
Oz_(programming_language)	Prolog
PHP	Wikipedia:Citation_needed
PHP	Tcl
PHP	Java_(programming_language)
PHP	JavaScript
PHP	Perl
PHP	HTML
PHP	C_(programming_language)
PHP	C++
PHP	Hack_(programming_language)
PL/I	ALGOL_60
PL/I	COBOL
PL/I	Fortran
PL/M	ALGOL
PL/M	PL/I
PL/M	XPL
PL/pgSQL	PL/SQL
PL/pgSQL	Ada_(programming_language)
ParaSail_(programming_language)	ML_(programming_language)
ParaSail_(programming_language)	Modula
ParaSail_(programming_language)	Ada_(programming_language)
ParaSail_(programming_language)	Pascal_(programming_language)
Pascal_(programming_language)	Simula
Pascal_(programming_language)	ALGOL_W
Perl	Unix_shell
Perl	Sed
Perl	Lisp_(programming_language)
Perl	AWK
Perl	C++
Perl	C_(programming_language)
Perl	BASIC
Pizza_(programming_language)	Java_(programming_language)
Plankalkül	Begriffsschrift
Polyphonic_C_Sharp	C_Sharp_(programming_language)
Polyphonic_C_Sharp	Join_calculus
PostScript	Interpress
PostScript	Lisp_(programming_language)
PostScript	Mesa_(programming_language)
PowerShell	Perl
PowerShell	Tk_(software)
PowerShell	Tcl
PowerShell	SQL
PowerShell	Python_(programming_language)
PowerShell	Puppet_(software)
PowerShell	KornShell
PowerShell	DIGITAL_Command_Language
PowerShell	Control_Language
PowerShell	C_Sharp_(programming_language)
PowerShell	Progress_Chef
Profile_Scripting_Language	MUMPS
Programming_Language_for_Business	COBOL
Project_Verona	Cyclone_(programming_language)
Project_Verona	Rust_(programming_language)
Prolog	Planner_(programming_language)
PureScript	JavaScript
PureScript	Haskell
Pyomo	AMPL
Pyomo	General_algebraic_modeling_system
Pyomo	Python_(programming_language)
Python_(programming_language)	Standard_ML
Python_(programming_language)	Perl
Python_(programming_language)	Modula-3
Python_(programming_language)	Lisp_(programming_language)
Python_(programming_language)	Haskell
Python_(programming_language)	Dylan_(programming_language)
Python_(programming_language)	Icon_(programming_language)
Python_(programming_language)	CLU_(programming_language)
Python_(programming_language)	C++
Python_(programming_language)	Ada_(programming_language)
Python_(programming_language)	APL_(programming_language)
Python_(programming_language)	ALGOL_68
Python_(programming_language)	ABC_(programming_language)
Python_(programming_language)	C_(programming_language)
QB64	QBasic
QB64	QuickBASIC
QBasic	GW-BASIC
QBasic	QuickBASIC
QML	JavaScript
QML	Extensible_Application_Markup_Language
QML	JSON
QML	Qt_(software)
Q_(programming_language_from_Kx_Systems)	Scheme_(programming_language)
Q_(programming_language_from_Kx_Systems)	K_(programming_language)
Q_(programming_language_from_Kx_Systems)	A+_(programming_language)
Q_(programming_language_from_Kx_Systems)	APL_(programming_language)
Qore_(programming_language)	C++
Qore_(programming_language)	D_(programming_language)
Qore_(programming_language)	Java_(programming_language)
Qore_(programming_language)	Perl
RPL_(programming_language)	Forth_(programming_language)
RPL_(programming_language)	Lisp_(programming_language)
RPL_(programming_language)	Reverse_Polish_Notation
R_(programming_language)	Lisp_(programming_language)
R_(programming_language)	S_(programming_language)
R_(programming_language)	Scheme_(programming_language)
Racket_(programming_language)	Eiffel_(programming_language)
Racket_(programming_language)	Scheme_(programming_language)
Raku_(programming_language)	Smalltalk
Raku_(programming_language)	Ruby_(programming_language)
Raku_(programming_language)	JavaScript
Raku_(programming_language)	Haskell
Raku_(programming_language)	Perl
Ratfor	C_(programming_language)
Ratfor	Fortran
Rebol	Forth_(programming_language)
Rebol	Lisp_(programming_language)
Rebol	Logo_(programming_language)
Rebol	Self_(programming_language)
Red_(programming_language)	Lua_(programming_language)
Red_(programming_language)	Rebol
Red_(programming_language)	Scala_(programming_language)
Rexx	PL/I
Rexx	EXEC_2
Rexx	CMS_EXEC
Rexx	ALGOL
Ring_(programming_language)	BASIC
Ring_(programming_language)	C_(programming_language)
Ring_(programming_language)	C_Sharp_(programming_language)
Ring_(programming_language)	Lua_(programming_language)
Ring_(programming_language)	Python_(programming_language)
Ring_(programming_language)	QML
Ring_(programming_language)	Ruby_(programming_language)
Ring_(programming_language)	XBase
Ruby_(programming_language)	Smalltalk
Ruby_(programming_language)	Python_(programming_language)
Ruby_(programming_language)	Perl
Ruby_(programming_language)	Lua_(programming_language)
Ruby_(programming_language)	Lisp_(programming_language)
Ruby_(programming_language)	Dylan_(programming_language)
Ruby_(programming_language)	CLU_(programming_language)
Ruby_(programming_language)	C++
Ruby_(programming_language)	BASIC
Ruby_(programming_language)	Ada_(programming_language)
Ruby_(programming_language)	Eiffel_(programming_language)
Rust_(programming_language)	Newsqueak
Rust_(programming_language)	Swift_(programming_language)
Rust_(programming_language)	Standard_ML
Rust_(programming_language)	Scheme_(programming_language)
Rust_(programming_language)	Ruby_(programming_language)
Rust_(programming_language)	OCaml
Rust_(programming_language)	Limbo_(programming_language)
Rust_(programming_language)	Erlang_(programming_language)
Rust_(programming_language)	Haskell
Rust_(programming_language)	Cyclone_(programming_language)
Rust_(programming_language)	C_Sharp_(programming_language)
Rust_(programming_language)	C++
Rust_(programming_language)	Alef_(programming_language)
S3_(programming_language)	ALGOL_68
SAC_programming_language	APL_(programming_language)
SAC_programming_language	C_(programming_language)
SAC_programming_language	SISAL
SASL_(programming_language)	ISWIM
SETL	ALGOL_60
SISAL	Pascal_(programming_language)
SISAL	Fortran
SISAL	C_(programming_language)
SNOBOL	COMIT
SP/k	PL/I
SPARK_(programming_language)	Ada_(programming_language)
SPARK_(programming_language)	Eiffel_(programming_language)
SQL	Datalog
SQL/PSM	Ada_(programming_language)
SQL/PSM	PL/SQL
SUPER_BASIC	CAL_(programming_language)
SUPER_BASIC	Dartmouth_BASIC
SUPER_BASIC	JOSS
S_(programming_language)	Polymorphic_Programming_Language
S_(programming_language)	Fortran
S_(programming_language)	C_(programming_language)
S_(programming_language)	APL_(programming_language)
Sather	CLU_(programming_language)
Sather	Common_Lisp
Sather	Eiffel_(programming_language)
Sather	Scheme_(programming_language)
Scala_(programming_language)	Haskell
Scala_(programming_language)	Scheme_(programming_language)
Scala_(programming_language)	Pizza_(programming_language)
Scala_(programming_language)	Oz_(programming_language)
Scala_(programming_language)	OCaml
Scala_(programming_language)	F_Sharp_(programming_language)
Scala_(programming_language)	Smalltalk
Scala_(programming_language)	Erlang_(programming_language)
Scala_(programming_language)	Eiffel_(programming_language)
Scala_(programming_language)	Common_Lisp
Scala_(programming_language)	Java_(programming_language)
Scala_(programming_language)	Standard_ML
Scratch_(programming_language)	Logo_(programming_language)
Scratch_(programming_language)	Smalltalk
Scratch_(programming_language)	HyperCard
Scratch_(programming_language)	StarLogo
Scratch_(programming_language)	AgentSheets
Scratch_(programming_language)	AgentCubes
Scratch_(programming_language)	Etoys_(programming_language)
Sed	Ed_(text_editor)
Seed7	Modula-2
Seed7	Pascal_(programming_language)
Seed7	C_(programming_language)
Seed7	Java_(programming_language)
Seed7	C++
Seed7	Ada_(programming_language)
Seed7	ALGOL_68
Self_(programming_language)	APL_(programming_language)
Self_(programming_language)	Smalltalk
SenseTalk	HyperTalk
Simula	ALGOL_60
Simula	Simscript
Smalltalk	Sketchpad
Smalltalk	Simula
Smalltalk	Planner_(programming_language)
Smalltalk	Logo_(programming_language)
Smalltalk	Lisp_(programming_language)
Smalltalk	IMP_(programming_language)
Smalltalk	Euler_(programming_language)
Smalltalk	Burroughs_large_systems
Smalltalk	ARPANET
Snap!_(programming_language)	Logo_(programming_language)
Snap!_(programming_language)	Scheme_(programming_language)
Snap!_(programming_language)	Scratch_(programming_language)
Snap!_(programming_language)	Smalltalk
Speedcoding	Assembly_language
Speedcoding	Machine_code
Squeak	Sketchpad
Squeak	Simula
Squeak	Smalltalk
Squeak	Logo_(programming_language)
Squeak	Lisp_(programming_language)
Squeak	Self_(programming_language)
Squirrel_(programming_language)	C++
Squirrel_(programming_language)	JavaScript
Squirrel_(programming_language)	Lua_(programming_language)
Squirrel_(programming_language)	Python_(programming_language)
Standard_ML	Pascal_(programming_language)
Standard_ML	ML_(programming_language)
Standard_ML	Hope_(programming_language)
StarLogo	Logo_(programming_language)
Strongtalk	Self_(programming_language)
Strongtalk	Smalltalk
Superplan	Plankalkül
Swift_(programming_language)	Ruby_(programming_language)
Swift_(programming_language)	Rust_(programming_language)
Swift_(programming_language)	Python_(programming_language)
Swift_(programming_language)	Objective-C
Swift_(programming_language)	C_Sharp_(programming_language)
Swift_(programming_language)	D_(programming_language)
Swift_(programming_language)	CLU_(programming_language)
Swift_(programming_language)	Haskell
SystemVerilog	C++
SystemVerilog	Java_(programming_language)
SystemVerilog	OpenVera
SystemVerilog	VHDL
SystemVerilog	Verilog
TELCOMP	JOSS
T_(programming_language)	Scheme_(programming_language)
Tcl	Lisp_(programming_language)
Tcl	AWK
Tea_(programming_language)	Tcl
Tea_(programming_language)	Java_(programming_language)
Tea_(programming_language)	Scheme_(programming_language)
Turing_(programming_language)	Euclid_(programming_language)
Turing_(programming_language)	Pascal_(programming_language)
Turing_(programming_language)	SP/k
Turtlestitch	Logo_(programming_language)
Turtlestitch	Maker_culture
Turtlestitch	Scratch_(programming_language)
Turtlestitch	Snap!_(programming_language)
TypeScript	ActionScript
TypeScript	C_Sharp_(programming_language)
TypeScript	JavaScript
TypeScript	Java_(programming_language)
VHDL	Pascal_(programming_language)
VHDL	Ada_(programming_language)
Vala_(programming_language)	Boo_(programming_language)
Vala_(programming_language)	C++
Vala_(programming_language)	C_(programming_language)
Vala_(programming_language)	C_Sharp_(programming_language)
Vala_(programming_language)	D_(programming_language)
Vala_(programming_language)	Java_(programming_language)
Verilog	Ada_(programming_language)
Verilog	C_(programming_language)
Verilog	Fortran
Verilog	Pascal_(programming_language)
Vilnius_BASIC	MSX_BASIC
Visual_Basic_(classic)	BASIC
Visual_Basic_.NET	Visual_Basic_(classic)
Visual_J_Sharp	Java_(programming_language)
Visual_J_Sharp	Visual_J++
WebAssembly	Asm.js
WebAssembly	Google_Native_Client
Whiley_(programming_language)	C_(programming_language)
Whiley_(programming_language)	Java_(programming_language)
Whiley_(programming_language)	Python_(programming_language)
Whiley_(programming_language)	Rust_(programming_language)
Wolfram_Language	Symbolic_Manipulation_Program
Wolfram_Language	Smalltalk
Wolfram_Language	Simula
Wolfram_Language	Schoonschip
Wolfram_Language	Prolog
Wolfram_Language	C_(programming_language)
Wolfram_Language	Lisp_(programming_language)
Wolfram_Language	Fortran
Wolfram_Language	C++
Wolfram_Language	APL_(programming_language)
Wolfram_Language	Pascal_(programming_language)
XSB	SB-Prolog
XSB	PSB-Prolog
XSB	Prolog
ZPL_(programming_language)	C_(programming_language)
Zig_(programming_language)	LLVM
Zig_(programming_language)	JavaScript
Zig_(programming_language)	Rust_(programming_language)
Zig_(programming_language)	C_(programming_language)
Zig_(programming_language)	C++
Zig_(programming_language)	Go_(programming_language)
Zig_(programming_language)	Wikipedia:Citation_needed
Zonnon	Oberon_(programming_language)
Zonnon	Pascal_(programming_language)

